Hidden Units,Learning Rate,Batch Size,Epochs,Test Accuracy
32,0.001,32,10,0.9850000143051147
64,0.005,64,15,0.9850000143051147
128,0.0005,32,20,0.987500011920929
